"Prima Tudor Style Heavy Curled Sash Window Lift (50mm x 47mm), Polished Brass - PB2021",PB2021 POLISHED BRASS,4.30
"From The Anvil Fleur De Lys Tudor Espagnolette Door Handles (92mm C/C), Black - 33172 (sold in pairs)","33172 ESPAGNOLETTE LOCK
This option is on back order ETA week commencing 7th June. If you are happy to wait for this product, please place your order online.",80.76
"From The Anvil Fleur De Lys Tudor Espagnolette Door Handles (92mm C/C), Beeswax - 33854 (sold in pairs)",33854 ESPAGNOLETTE LOCK,77.62
"From The Anvil Fleur De Lys Tudor Door Handles (273mm x 40mm), Beeswax - 33170 (sold in pairs)",33170 LOCK (WITH KEYHOLE),80.76
"From The Anvil Fleur De Lys Tudor Door Handles (273mm x 40mm), Beeswax - 33170 (sold in pairs)",33171 LATCH,80.76
"Prima Tudor Style Heavy Curled Sash Window Lift (50mm x 47mm), Satin Chrome - SCP2021",SCP2021 SATIN CHROME,4.80
"From The Anvil Fleur De Lys Tudor Door Handles (273mm x 40mm), Black - 33173 (sold in pairs)","33247 LOCK (WITH KEYHOLE)
This option is on back order ETA week commencing 7th June. If you are happy to wait for this product, please place your order online.",80.82
"From The Anvil Fleur De Lys Tudor Door Handles (273mm x 40mm), Black - 33173 (sold in pairs)",33173 LATCH,80.76
"From The Anvil Fleur De Lys Tudor Door Handles (273mm x 40mm), Black - 33173 (sold in pairs)",33828 BATHROOM,91.77
"From The Anvil Fleur De Lys Tudor Door Handles (273mm x 40mm), Black - 33173 (sold in pairs)",33827 EURO PROFILE LOCK (WITH CYLINDER HOLE),77.62
"Prima Tudor Style Heavy Curled Sash Window Lift (50mm x 47mm), Polished Chrome - BC2021",BC2021 POLISHED CHROME,4.80
"From The Anvil Fleur De Lys Tudor Door Handles (273mm x 40mm), Pewter - 33608 (sold in pairs)",33608 LOCK (WITH KEYHOLE),89.36
"From The Anvil Fleur De Lys Tudor Door Handles (273mm x 40mm), Pewter - 33608 (sold in pairs)",33609 LATCH,89.36
"From The Anvil Fleur De Lys Tudor Door Handles (273mm x 40mm), Pewter - 33608 (sold in pairs)",33802 BATHROOM,92.91
"From The Anvil Fleur De Lys Tudor Door Handles (273mm x 40mm), Pewter - 33608 (sold in pairs)",92063 EURO PROFILE LOCK (WITH CYLINDER HOLE),89.36
Fortessa Sorrento Dual Polished Chrome & Satin Chrome Door Handles - FCOSOR-SPC (sold in pairs),FCOSOR-SPC DUAL FINISH - POLISHED CHROME & SATIN CHROME,17.64
"From The Anvil Fleur De Lys Tudor Espagnolette Door Handles (92mm C/C), Pewter - 33766 (sold in pairs)",33766 ESPAGNOLETTE LOCK,86.26
Prima Tudor Polished Chrome Door Handles - BC681 (sold in pairs),BC681 LATCH,50.90
Prima Tudor Polished Chrome Door Handles - BC681 (sold in pairs),BC680 LOCK (WITH KEYHOLE),50.90
Prima Tudor Polished Chrome Door Handles - BC681 (sold in pairs),BC682 BATHROOM,60.48
"Carlisle Brass Ludlow Foundries Tudor Bell Push, Pewter - PE5634",PE5634 PEWTER,7.58
"Prima Tudor Style Heavy Curled Sash Window Lift (50mm x 47mm), Antique Brass - XL2021",XL2021 ANTIQUE BRASS,5.81
"From The Anvil Fleur De Lys Tudor Door Handles (273mm x 40mm), Pewter - 33608 (sold in pairs)",33608 LOCK (WITH KEYHOLE),89.36
"From The Anvil Fleur De Lys Tudor Door Handles (273mm x 40mm), Pewter - 33608 (sold in pairs)",33609 LATCH,89.36
"From The Anvil Fleur De Lys Tudor Door Handles (273mm x 40mm), Pewter - 33608 (sold in pairs)",33802 BATHROOM,92.91
"From The Anvil Fleur De Lys Tudor Door Handles (273mm x 40mm), Pewter - 33608 (sold in pairs)",92063 EURO PROFILE LOCK (WITH CYLINDER HOLE),89.36
Fortessa Sorrento Dual Polished Chrome & Satin Chrome Door Handles - FCOSOR-SPC (sold in pairs),FCOSOR-SPC DUAL FINISH - POLISHED CHROME & SATIN CHROME,17.64
Fortessa Sorrento Dual Polished Chrome & Satin Chrome Door Handles - FCOSOR-SPC (sold in pairs),FCOSOR-SPC DUAL FINISH - POLISHED CHROME & SATIN CHROME,17.64
"From The Anvil Fleur De Lys Tudor Door Handles (273mm x 40mm), Pewter - 33608 (sold in pairs)",33608 LOCK (WITH KEYHOLE),89.36
"From The Anvil Fleur De Lys Tudor Door Handles (273mm x 40mm), Pewter - 33608 (sold in pairs)",33609 LATCH,89.36
"From The Anvil Fleur De Lys Tudor Door Handles (273mm x 40mm), Pewter - 33608 (sold in pairs)",33802 BATHROOM,92.91
"From The Anvil Fleur De Lys Tudor Door Handles (273mm x 40mm), Pewter - 33608 (sold in pairs)",92063 EURO PROFILE LOCK (WITH CYLINDER HOLE),89.36
